{
  "products": [
    {
      "id": 1,
      "title": "Product 1",
      "price": "19",
      "name": "Salt"
    },
    {
      "id": 2,
      "title": "Product 2",
      "price": "33",
      "name": "Sugar"
    },
    {
      "id": 3,
      "title": "Product 3",
      "price": "32",
      "name": "Milk"
    },
    {
      "id": 4,
      "title": "Product 4",
      "price": "16",
      "name": "Bread"
    },
    {
      "title": "Butter",
      "price": "55",
      "id": 5,
      "name": "Butter"
    }
  ]
}
